[
  {
    "line": 1,
    "elements": [
      {
        "line": 4,
        "name": "All categories in B\u0026O",
        "description": "",
        "id": "verify-all-categories-in-response;all-categories-in-b\u0026o",
        "type": "scenario",
        "keyword": "Scenario",
        "steps": [
          {
            "result": {
              "duration": 10039500938,
              "status": "passed"
            },
            "line": 5,
            "name": "launch  the uri",
            "match": {
              "location": "AllCategoriesStep.launch_the_uri()"
            },
            "keyword": "Given "
          },
          {
            "result": {
              "duration": 57253,
              "status": "passed"
            },
            "line": 6,
            "name": "user validate the response",
            "match": {
              "location": "AllCategoriesStep.user_validate_the_response()"
            },
            "keyword": "Then "
          }
        ],
        "tags": [
          {
            "line": 3,
            "name": "@Chrome"
          }
        ]
      }
    ],
    "name": "Verify All Categories in response",
    "description": "",
    "id": "verify-all-categories-in-response",
    "keyword": "Feature",
    "uri": "Cat.feature"
  }
]